"","x"
"1","ENSXMAG00000000002"
"2","ENSXMAG00000000007"
"3","ENSXMAG00000000008"
"4","ENSXMAG00000000027"
"5","ENSXMAG00000000030"
"6","ENSXMAG00000000042"
"7","ENSXMAG00000000047"
"8","ENSXMAG00000000060"
"9","ENSXMAG00000000065"
"10","ENSXMAG00000000071"
"11","ENSXMAG00000000073"
"12","ENSXMAG00000000095"
"13","ENSXMAG00000000106"
"14","ENSXMAG00000000112"
"15","ENSXMAG00000000122"
"16","ENSXMAG00000000127"
"17","ENSXMAG00000000137"
"18","ENSXMAG00000000139"
"19","ENSXMAG00000000140"
"20","ENSXMAG00000000141"
"21","ENSXMAG00000000147"
"22","ENSXMAG00000000163"
"23","ENSXMAG00000000169"
"24","ENSXMAG00000000204"
"25","ENSXMAG00000000212"
"26","ENSXMAG00000000217"
"27","ENSXMAG00000000247"
"28","ENSXMAG00000000248"
"29","ENSXMAG00000000253"
"30","ENSXMAG00000000256"
"31","ENSXMAG00000000264"
"32","ENSXMAG00000000270"
"33","ENSXMAG00000000289"
"34","ENSXMAG00000000297"
"35","ENSXMAG00000000306"
"36","ENSXMAG00000000332"
"37","ENSXMAG00000000333"
"38","ENSXMAG00000000340"
"39","ENSXMAG00000000352"
"40","ENSXMAG00000000381"
"41","ENSXMAG00000000386"
"42","ENSXMAG00000000387"
"43","ENSXMAG00000000393"
"44","ENSXMAG00000000401"
"45","ENSXMAG00000000410"
"46","ENSXMAG00000000411"
"47","ENSXMAG00000000413"
"48","ENSXMAG00000000417"
"49","ENSXMAG00000000425"
"50","ENSXMAG00000000430"
"51","ENSXMAG00000000447"
"52","ENSXMAG00000000467"
"53","ENSXMAG00000000469"
"54","ENSXMAG00000000475"
"55","ENSXMAG00000000498"
"56","ENSXMAG00000000503"
"57","ENSXMAG00000000505"
"58","ENSXMAG00000000527"
"59","ENSXMAG00000000532"
"60","ENSXMAG00000000539"
"61","ENSXMAG00000000540"
"62","ENSXMAG00000000546"
"63","ENSXMAG00000000555"
"64","ENSXMAG00000000556"
"65","ENSXMAG00000000596"
"66","ENSXMAG00000000598"
"67","ENSXMAG00000000602"
"68","ENSXMAG00000000610"
"69","ENSXMAG00000000611"
"70","ENSXMAG00000000617"
"71","ENSXMAG00000000623"
"72","ENSXMAG00000000630"
"73","ENSXMAG00000000632"
"74","ENSXMAG00000000639"
"75","ENSXMAG00000000645"
"76","ENSXMAG00000000653"
"77","ENSXMAG00000000655"
"78","ENSXMAG00000000678"
"79","ENSXMAG00000000711"
"80","ENSXMAG00000000714"
"81","ENSXMAG00000000729"
"82","ENSXMAG00000000733"
"83","ENSXMAG00000000742"
"84","ENSXMAG00000000745"
"85","ENSXMAG00000000748"
"86","ENSXMAG00000000768"
"87","ENSXMAG00000000782"
"88","ENSXMAG00000000786"
"89","ENSXMAG00000000789"
"90","ENSXMAG00000000790"
"91","ENSXMAG00000000795"
"92","ENSXMAG00000000798"
"93","ENSXMAG00000000805"
"94","ENSXMAG00000000810"
"95","ENSXMAG00000000821"
"96","ENSXMAG00000000825"
"97","ENSXMAG00000000830"
"98","ENSXMAG00000000837"
"99","ENSXMAG00000000841"
"100","ENSXMAG00000000845"
"101","ENSXMAG00000000849"
"102","ENSXMAG00000000897"
"103","ENSXMAG00000000930"
"104","ENSXMAG00000000941"
"105","ENSXMAG00000000952"
"106","ENSXMAG00000000964"
"107","ENSXMAG00000000967"
"108","ENSXMAG00000000970"
"109","ENSXMAG00000000988"
"110","ENSXMAG00000000991"
"111","ENSXMAG00000001016"
"112","ENSXMAG00000001031"
"113","ENSXMAG00000001052"
"114","ENSXMAG00000001067"
"115","ENSXMAG00000001071"
"116","ENSXMAG00000001077"
"117","ENSXMAG00000001078"
"118","ENSXMAG00000001088"
"119","ENSXMAG00000001093"
"120","ENSXMAG00000001109"
"121","ENSXMAG00000001119"
"122","ENSXMAG00000001128"
"123","ENSXMAG00000001130"
"124","ENSXMAG00000001133"
"125","ENSXMAG00000001134"
"126","ENSXMAG00000001135"
"127","ENSXMAG00000001170"
"128","ENSXMAG00000001173"
"129","ENSXMAG00000001214"
"130","ENSXMAG00000001216"
"131","ENSXMAG00000001217"
"132","ENSXMAG00000001218"
"133","ENSXMAG00000001229"
"134","ENSXMAG00000001233"
"135","ENSXMAG00000001240"
"136","ENSXMAG00000001251"
"137","ENSXMAG00000001252"
"138","ENSXMAG00000001253"
"139","ENSXMAG00000001263"
"140","ENSXMAG00000001269"
"141","ENSXMAG00000001275"
"142","ENSXMAG00000001289"
"143","ENSXMAG00000001292"
"144","ENSXMAG00000001297"
"145","ENSXMAG00000001300"
"146","ENSXMAG00000001308"
"147","ENSXMAG00000001311"
"148","ENSXMAG00000001342"
"149","ENSXMAG00000001351"
"150","ENSXMAG00000001362"
"151","ENSXMAG00000001371"
"152","ENSXMAG00000001373"
"153","ENSXMAG00000001387"
"154","ENSXMAG00000001402"
"155","ENSXMAG00000001407"
"156","ENSXMAG00000001425"
"157","ENSXMAG00000001436"
"158","ENSXMAG00000001441"
"159","ENSXMAG00000001445"
"160","ENSXMAG00000001455"
"161","ENSXMAG00000001460"
"162","ENSXMAG00000001468"
"163","ENSXMAG00000001472"
"164","ENSXMAG00000001480"
"165","ENSXMAG00000001489"
"166","ENSXMAG00000001492"
"167","ENSXMAG00000001495"
"168","ENSXMAG00000001496"
"169","ENSXMAG00000001502"
"170","ENSXMAG00000001510"
"171","ENSXMAG00000001514"
"172","ENSXMAG00000001520"
"173","ENSXMAG00000001526"
"174","ENSXMAG00000001533"
"175","ENSXMAG00000001537"
"176","ENSXMAG00000001556"
"177","ENSXMAG00000001558"
"178","ENSXMAG00000001559"
"179","ENSXMAG00000001563"
"180","ENSXMAG00000001564"
"181","ENSXMAG00000001584"
"182","ENSXMAG00000001585"
"183","ENSXMAG00000001586"
"184","ENSXMAG00000001598"
"185","ENSXMAG00000001606"
"186","ENSXMAG00000001616"
"187","ENSXMAG00000001617"
"188","ENSXMAG00000001628"
"189","ENSXMAG00000001630"
"190","ENSXMAG00000001633"
"191","ENSXMAG00000001636"
"192","ENSXMAG00000001668"
"193","ENSXMAG00000001669"
"194","ENSXMAG00000001670"
"195","ENSXMAG00000001675"
"196","ENSXMAG00000001678"
"197","ENSXMAG00000001680"
"198","ENSXMAG00000001685"
"199","ENSXMAG00000001690"
"200","ENSXMAG00000001692"
"201","ENSXMAG00000001714"
"202","ENSXMAG00000001726"
"203","ENSXMAG00000001732"
"204","ENSXMAG00000001742"
"205","ENSXMAG00000001756"
"206","ENSXMAG00000001760"
"207","ENSXMAG00000001762"
"208","ENSXMAG00000001772"
"209","ENSXMAG00000001776"
"210","ENSXMAG00000001782"
"211","ENSXMAG00000001786"
"212","ENSXMAG00000001789"
"213","ENSXMAG00000001809"
"214","ENSXMAG00000001810"
"215","ENSXMAG00000001813"
"216","ENSXMAG00000001819"
"217","ENSXMAG00000001824"
"218","ENSXMAG00000001840"
"219","ENSXMAG00000001842"
"220","ENSXMAG00000001844"
"221","ENSXMAG00000001848"
"222","ENSXMAG00000001858"
"223","ENSXMAG00000001870"
"224","ENSXMAG00000001879"
"225","ENSXMAG00000001892"
"226","ENSXMAG00000001911"
"227","ENSXMAG00000001913"
"228","ENSXMAG00000001915"
"229","ENSXMAG00000001916"
"230","ENSXMAG00000001918"
"231","ENSXMAG00000001942"
"232","ENSXMAG00000001961"
"233","ENSXMAG00000001974"
"234","ENSXMAG00000001975"
"235","ENSXMAG00000001994"
"236","ENSXMAG00000001995"
"237","ENSXMAG00000001999"
"238","ENSXMAG00000002006"
"239","ENSXMAG00000002016"
"240","ENSXMAG00000002021"
"241","ENSXMAG00000002025"
"242","ENSXMAG00000002034"
"243","ENSXMAG00000002042"
"244","ENSXMAG00000002052"
"245","ENSXMAG00000002055"
"246","ENSXMAG00000002064"
"247","ENSXMAG00000002067"
"248","ENSXMAG00000002072"
"249","ENSXMAG00000002073"
"250","ENSXMAG00000002075"
"251","ENSXMAG00000002077"
"252","ENSXMAG00000002079"
"253","ENSXMAG00000002087"
"254","ENSXMAG00000002090"
"255","ENSXMAG00000002094"
"256","ENSXMAG00000002117"
"257","ENSXMAG00000002124"
"258","ENSXMAG00000002180"
"259","ENSXMAG00000002191"
"260","ENSXMAG00000002193"
"261","ENSXMAG00000002199"
"262","ENSXMAG00000002204"
"263","ENSXMAG00000002207"
"264","ENSXMAG00000002214"
"265","ENSXMAG00000002223"
"266","ENSXMAG00000002226"
"267","ENSXMAG00000002228"
"268","ENSXMAG00000002236"
"269","ENSXMAG00000002238"
"270","ENSXMAG00000002260"
"271","ENSXMAG00000002265"
"272","ENSXMAG00000002269"
"273","ENSXMAG00000002273"
"274","ENSXMAG00000002277"
"275","ENSXMAG00000002286"
"276","ENSXMAG00000002290"
"277","ENSXMAG00000002310"
"278","ENSXMAG00000002317"
"279","ENSXMAG00000002321"
"280","ENSXMAG00000002332"
"281","ENSXMAG00000002342"
"282","ENSXMAG00000002348"
"283","ENSXMAG00000002370"
"284","ENSXMAG00000002383"
"285","ENSXMAG00000002384"
"286","ENSXMAG00000002389"
"287","ENSXMAG00000002393"
"288","ENSXMAG00000002439"
"289","ENSXMAG00000002445"
"290","ENSXMAG00000002451"
"291","ENSXMAG00000002456"
"292","ENSXMAG00000002463"
"293","ENSXMAG00000002469"
"294","ENSXMAG00000002471"
"295","ENSXMAG00000002474"
"296","ENSXMAG00000002476"
"297","ENSXMAG00000002488"
"298","ENSXMAG00000002490"
"299","ENSXMAG00000002502"
"300","ENSXMAG00000002508"
"301","ENSXMAG00000002515"
"302","ENSXMAG00000002549"
"303","ENSXMAG00000002552"
"304","ENSXMAG00000002573"
"305","ENSXMAG00000002581"
"306","ENSXMAG00000002583"
"307","ENSXMAG00000002586"
"308","ENSXMAG00000002588"
"309","ENSXMAG00000002590"
"310","ENSXMAG00000002592"
"311","ENSXMAG00000002609"
"312","ENSXMAG00000002612"
"313","ENSXMAG00000002621"
"314","ENSXMAG00000002627"
"315","ENSXMAG00000002630"
"316","ENSXMAG00000002631"
"317","ENSXMAG00000002632"
"318","ENSXMAG00000002637"
"319","ENSXMAG00000002638"
"320","ENSXMAG00000002644"
"321","ENSXMAG00000002657"
"322","ENSXMAG00000002683"
"323","ENSXMAG00000002709"
"324","ENSXMAG00000002727"
"325","ENSXMAG00000002755"
"326","ENSXMAG00000002764"
"327","ENSXMAG00000002770"
"328","ENSXMAG00000002818"
"329","ENSXMAG00000002828"
"330","ENSXMAG00000002829"
"331","ENSXMAG00000002834"
"332","ENSXMAG00000002846"
"333","ENSXMAG00000002853"
"334","ENSXMAG00000002855"
"335","ENSXMAG00000002857"
"336","ENSXMAG00000002861"
"337","ENSXMAG00000002869"
"338","ENSXMAG00000002872"
"339","ENSXMAG00000002876"
"340","ENSXMAG00000002881"
"341","ENSXMAG00000002887"
"342","ENSXMAG00000002900"
"343","ENSXMAG00000002902"
"344","ENSXMAG00000002910"
"345","ENSXMAG00000002917"
"346","ENSXMAG00000002920"
"347","ENSXMAG00000002928"
"348","ENSXMAG00000002936"
"349","ENSXMAG00000002939"
"350","ENSXMAG00000002940"
"351","ENSXMAG00000002962"
"352","ENSXMAG00000002969"
"353","ENSXMAG00000002970"
"354","ENSXMAG00000003000"
"355","ENSXMAG00000003005"
"356","ENSXMAG00000003011"
"357","ENSXMAG00000003013"
"358","ENSXMAG00000003014"
"359","ENSXMAG00000003018"
"360","ENSXMAG00000003031"
"361","ENSXMAG00000003070"
"362","ENSXMAG00000003078"
"363","ENSXMAG00000003081"
"364","ENSXMAG00000003084"
"365","ENSXMAG00000003087"
"366","ENSXMAG00000003091"
"367","ENSXMAG00000003101"
"368","ENSXMAG00000003110"
"369","ENSXMAG00000003119"
"370","ENSXMAG00000003121"
"371","ENSXMAG00000003124"
"372","ENSXMAG00000003125"
"373","ENSXMAG00000003132"
"374","ENSXMAG00000003136"
"375","ENSXMAG00000003147"
"376","ENSXMAG00000003152"
"377","ENSXMAG00000003154"
"378","ENSXMAG00000003168"
"379","ENSXMAG00000003169"
"380","ENSXMAG00000003170"
"381","ENSXMAG00000003174"
"382","ENSXMAG00000003181"
"383","ENSXMAG00000003185"
"384","ENSXMAG00000003187"
"385","ENSXMAG00000003193"
"386","ENSXMAG00000003202"
"387","ENSXMAG00000003208"
"388","ENSXMAG00000003219"
"389","ENSXMAG00000003232"
"390","ENSXMAG00000003237"
"391","ENSXMAG00000003250"
"392","ENSXMAG00000003254"
"393","ENSXMAG00000003270"
"394","ENSXMAG00000003276"
"395","ENSXMAG00000003281"
"396","ENSXMAG00000003291"
"397","ENSXMAG00000003292"
"398","ENSXMAG00000003293"
"399","ENSXMAG00000003303"
"400","ENSXMAG00000003305"
"401","ENSXMAG00000003309"
"402","ENSXMAG00000003321"
"403","ENSXMAG00000003325"
"404","ENSXMAG00000003326"
"405","ENSXMAG00000003329"
"406","ENSXMAG00000003330"
"407","ENSXMAG00000003338"
"408","ENSXMAG00000003349"
"409","ENSXMAG00000003351"
"410","ENSXMAG00000003354"
"411","ENSXMAG00000003356"
"412","ENSXMAG00000003358"
"413","ENSXMAG00000003362"
"414","ENSXMAG00000003363"
"415","ENSXMAG00000003368"
"416","ENSXMAG00000003374"
"417","ENSXMAG00000003377"
"418","ENSXMAG00000003388"
"419","ENSXMAG00000003419"
"420","ENSXMAG00000003442"
"421","ENSXMAG00000003443"
"422","ENSXMAG00000003450"
"423","ENSXMAG00000003451"
"424","ENSXMAG00000003454"
"425","ENSXMAG00000003459"
"426","ENSXMAG00000003462"
"427","ENSXMAG00000003466"
"428","ENSXMAG00000003467"
"429","ENSXMAG00000003470"
"430","ENSXMAG00000003473"
"431","ENSXMAG00000003486"
"432","ENSXMAG00000003500"
"433","ENSXMAG00000003506"
"434","ENSXMAG00000003509"
"435","ENSXMAG00000003521"
"436","ENSXMAG00000003525"
"437","ENSXMAG00000003529"
"438","ENSXMAG00000003538"
"439","ENSXMAG00000003551"
"440","ENSXMAG00000003553"
"441","ENSXMAG00000003556"
"442","ENSXMAG00000003558"
"443","ENSXMAG00000003559"
"444","ENSXMAG00000003566"
"445","ENSXMAG00000003568"
"446","ENSXMAG00000003571"
"447","ENSXMAG00000003576"
"448","ENSXMAG00000003597"
"449","ENSXMAG00000003604"
"450","ENSXMAG00000003608"
"451","ENSXMAG00000003610"
"452","ENSXMAG00000003614"
"453","ENSXMAG00000003615"
"454","ENSXMAG00000003616"
"455","ENSXMAG00000003636"
"456","ENSXMAG00000003637"
"457","ENSXMAG00000003640"
"458","ENSXMAG00000003645"
"459","ENSXMAG00000003647"
"460","ENSXMAG00000003652"
"461","ENSXMAG00000003653"
"462","ENSXMAG00000003661"
"463","ENSXMAG00000003664"
"464","ENSXMAG00000003678"
"465","ENSXMAG00000003695"
"466","ENSXMAG00000003714"
"467","ENSXMAG00000003715"
"468","ENSXMAG00000003717"
"469","ENSXMAG00000003719"
"470","ENSXMAG00000003720"
"471","ENSXMAG00000003724"
"472","ENSXMAG00000003725"
"473","ENSXMAG00000003742"
"474","ENSXMAG00000003759"
"475","ENSXMAG00000003786"
"476","ENSXMAG00000003799"
"477","ENSXMAG00000003800"
"478","ENSXMAG00000003817"
"479","ENSXMAG00000003820"
"480","ENSXMAG00000003823"
"481","ENSXMAG00000003825"
"482","ENSXMAG00000003828"
"483","ENSXMAG00000003836"
"484","ENSXMAG00000003838"
"485","ENSXMAG00000003853"
"486","ENSXMAG00000003858"
"487","ENSXMAG00000003860"
"488","ENSXMAG00000003862"
"489","ENSXMAG00000003866"
"490","ENSXMAG00000003870"
"491","ENSXMAG00000003890"
"492","ENSXMAG00000003894"
"493","ENSXMAG00000003910"
"494","ENSXMAG00000003918"
"495","ENSXMAG00000003925"
"496","ENSXMAG00000003928"
"497","ENSXMAG00000003929"
"498","ENSXMAG00000003936"
"499","ENSXMAG00000003942"
"500","ENSXMAG00000003944"
"501","ENSXMAG00000003949"
"502","ENSXMAG00000003960"
"503","ENSXMAG00000003961"
"504","ENSXMAG00000003966"
"505","ENSXMAG00000003972"
"506","ENSXMAG00000003977"
"507","ENSXMAG00000003988"
"508","ENSXMAG00000003998"
"509","ENSXMAG00000004003"
"510","ENSXMAG00000004004"
"511","ENSXMAG00000004008"
"512","ENSXMAG00000004010"
"513","ENSXMAG00000004011"
"514","ENSXMAG00000004012"
"515","ENSXMAG00000004019"
"516","ENSXMAG00000004027"
"517","ENSXMAG00000004033"
"518","ENSXMAG00000004040"
"519","ENSXMAG00000004050"
"520","ENSXMAG00000004053"
"521","ENSXMAG00000004057"
"522","ENSXMAG00000004062"
"523","ENSXMAG00000004071"
"524","ENSXMAG00000004077"
"525","ENSXMAG00000004082"
"526","ENSXMAG00000004100"
"527","ENSXMAG00000004104"
"528","ENSXMAG00000004113"
"529","ENSXMAG00000004119"
"530","ENSXMAG00000004123"
"531","ENSXMAG00000004136"
"532","ENSXMAG00000004142"
"533","ENSXMAG00000004144"
"534","ENSXMAG00000004146"
"535","ENSXMAG00000004149"
"536","ENSXMAG00000004163"
"537","ENSXMAG00000004170"
"538","ENSXMAG00000004177"
"539","ENSXMAG00000004180"
"540","ENSXMAG00000004187"
"541","ENSXMAG00000004198"
"542","ENSXMAG00000004200"
"543","ENSXMAG00000004221"
"544","ENSXMAG00000004231"
"545","ENSXMAG00000004239"
"546","ENSXMAG00000004248"
"547","ENSXMAG00000004250"
"548","ENSXMAG00000004256"
"549","ENSXMAG00000004266"
"550","ENSXMAG00000004271"
"551","ENSXMAG00000004280"
"552","ENSXMAG00000004284"
"553","ENSXMAG00000004293"
"554","ENSXMAG00000004295"
"555","ENSXMAG00000004298"
"556","ENSXMAG00000004319"
"557","ENSXMAG00000004333"
"558","ENSXMAG00000004337"
"559","ENSXMAG00000004344"
"560","ENSXMAG00000004349"
"561","ENSXMAG00000004360"
"562","ENSXMAG00000004373"
"563","ENSXMAG00000004410"
"564","ENSXMAG00000004420"
"565","ENSXMAG00000004421"
"566","ENSXMAG00000004429"
"567","ENSXMAG00000004432"
"568","ENSXMAG00000004437"
"569","ENSXMAG00000004445"
"570","ENSXMAG00000004460"
"571","ENSXMAG00000004464"
"572","ENSXMAG00000004471"
"573","ENSXMAG00000004479"
"574","ENSXMAG00000004480"
"575","ENSXMAG00000004491"
"576","ENSXMAG00000004499"
"577","ENSXMAG00000004503"
"578","ENSXMAG00000004511"
"579","ENSXMAG00000004514"
"580","ENSXMAG00000004515"
"581","ENSXMAG00000004518"
"582","ENSXMAG00000004524"
"583","ENSXMAG00000004527"
"584","ENSXMAG00000004529"
"585","ENSXMAG00000004553"
"586","ENSXMAG00000004565"
"587","ENSXMAG00000004571"
"588","ENSXMAG00000004578"
"589","ENSXMAG00000004580"
"590","ENSXMAG00000004589"
"591","ENSXMAG00000004591"
"592","ENSXMAG00000004593"
"593","ENSXMAG00000004594"
"594","ENSXMAG00000004618"
"595","ENSXMAG00000004619"
"596","ENSXMAG00000004630"
"597","ENSXMAG00000004641"
"598","ENSXMAG00000004649"
"599","ENSXMAG00000004665"
"600","ENSXMAG00000004667"
"601","ENSXMAG00000004670"
"602","ENSXMAG00000004676"
"603","ENSXMAG00000004677"
"604","ENSXMAG00000004680"
"605","ENSXMAG00000004695"
"606","ENSXMAG00000004728"
"607","ENSXMAG00000004740"
"608","ENSXMAG00000004741"
"609","ENSXMAG00000004742"
"610","ENSXMAG00000004759"
"611","ENSXMAG00000004761"
"612","ENSXMAG00000004763"
"613","ENSXMAG00000004765"
"614","ENSXMAG00000004770"
"615","ENSXMAG00000004778"
"616","ENSXMAG00000004784"
"617","ENSXMAG00000004786"
"618","ENSXMAG00000004805"
"619","ENSXMAG00000004812"
"620","ENSXMAG00000004814"
"621","ENSXMAG00000004817"
"622","ENSXMAG00000004842"
"623","ENSXMAG00000004846"
"624","ENSXMAG00000004852"
"625","ENSXMAG00000004863"
"626","ENSXMAG00000004879"
"627","ENSXMAG00000004883"
"628","ENSXMAG00000004896"
"629","ENSXMAG00000004901"
"630","ENSXMAG00000004907"
"631","ENSXMAG00000004914"
"632","ENSXMAG00000004915"
"633","ENSXMAG00000004918"
"634","ENSXMAG00000004937"
"635","ENSXMAG00000004940"
"636","ENSXMAG00000004959"
"637","ENSXMAG00000004971"
"638","ENSXMAG00000004975"
"639","ENSXMAG00000004981"
"640","ENSXMAG00000004987"
"641","ENSXMAG00000004992"
"642","ENSXMAG00000005002"
"643","ENSXMAG00000005003"
"644","ENSXMAG00000005010"
"645","ENSXMAG00000005022"
"646","ENSXMAG00000005049"
"647","ENSXMAG00000005053"
"648","ENSXMAG00000005055"
"649","ENSXMAG00000005056"
"650","ENSXMAG00000005069"
"651","ENSXMAG00000005073"
"652","ENSXMAG00000005074"
"653","ENSXMAG00000005079"
"654","ENSXMAG00000005086"
"655","ENSXMAG00000005090"
"656","ENSXMAG00000005093"
"657","ENSXMAG00000005110"
"658","ENSXMAG00000005113"
"659","ENSXMAG00000005123"
"660","ENSXMAG00000005127"
"661","ENSXMAG00000005128"
"662","ENSXMAG00000005150"
"663","ENSXMAG00000005158"
"664","ENSXMAG00000005159"
"665","ENSXMAG00000005170"
"666","ENSXMAG00000005177"
"667","ENSXMAG00000005199"
"668","ENSXMAG00000005226"
"669","ENSXMAG00000005238"
"670","ENSXMAG00000005265"
"671","ENSXMAG00000005285"
"672","ENSXMAG00000005289"
"673","ENSXMAG00000005293"
"674","ENSXMAG00000005301"
"675","ENSXMAG00000005307"
"676","ENSXMAG00000005309"
"677","ENSXMAG00000005318"
"678","ENSXMAG00000005322"
"679","ENSXMAG00000005346"
"680","ENSXMAG00000005355"
"681","ENSXMAG00000005375"
"682","ENSXMAG00000005388"
"683","ENSXMAG00000005390"
"684","ENSXMAG00000005402"
"685","ENSXMAG00000005418"
"686","ENSXMAG00000005436"
"687","ENSXMAG00000005439"
"688","ENSXMAG00000005446"
"689","ENSXMAG00000005451"
"690","ENSXMAG00000005457"
"691","ENSXMAG00000005462"
"692","ENSXMAG00000005473"
"693","ENSXMAG00000005474"
"694","ENSXMAG00000005481"
"695","ENSXMAG00000005483"
"696","ENSXMAG00000005492"
"697","ENSXMAG00000005493"
"698","ENSXMAG00000005502"
"699","ENSXMAG00000005503"
"700","ENSXMAG00000005509"
"701","ENSXMAG00000005529"
"702","ENSXMAG00000005538"
"703","ENSXMAG00000005539"
"704","ENSXMAG00000005541"
"705","ENSXMAG00000005545"
"706","ENSXMAG00000005556"
"707","ENSXMAG00000005557"
"708","ENSXMAG00000005558"
"709","ENSXMAG00000005568"
"710","ENSXMAG00000005575"
"711","ENSXMAG00000005583"
"712","ENSXMAG00000005587"
"713","ENSXMAG00000005594"
"714","ENSXMAG00000005607"
"715","ENSXMAG00000005618"
"716","ENSXMAG00000005620"
"717","ENSXMAG00000005643"
"718","ENSXMAG00000005647"
"719","ENSXMAG00000005652"
"720","ENSXMAG00000005654"
"721","ENSXMAG00000005665"
"722","ENSXMAG00000005671"
"723","ENSXMAG00000005678"
"724","ENSXMAG00000005680"
"725","ENSXMAG00000005685"
"726","ENSXMAG00000005686"
"727","ENSXMAG00000005689"
"728","ENSXMAG00000005693"
"729","ENSXMAG00000005698"
"730","ENSXMAG00000005709"
"731","ENSXMAG00000005738"
"732","ENSXMAG00000005743"
"733","ENSXMAG00000005749"
"734","ENSXMAG00000005750"
"735","ENSXMAG00000005761"
"736","ENSXMAG00000005764"
"737","ENSXMAG00000005767"
"738","ENSXMAG00000005771"
"739","ENSXMAG00000005773"
"740","ENSXMAG00000005777"
"741","ENSXMAG00000005778"
"742","ENSXMAG00000005802"
"743","ENSXMAG00000005809"
"744","ENSXMAG00000005819"
"745","ENSXMAG00000005820"
"746","ENSXMAG00000005840"
"747","ENSXMAG00000005842"
"748","ENSXMAG00000005858"
"749","ENSXMAG00000005860"
"750","ENSXMAG00000005861"
"751","ENSXMAG00000005863"
"752","ENSXMAG00000005868"
"753","ENSXMAG00000005872"
"754","ENSXMAG00000005878"
"755","ENSXMAG00000005880"
"756","ENSXMAG00000005885"
"757","ENSXMAG00000005889"
"758","ENSXMAG00000005899"
"759","ENSXMAG00000005901"
"760","ENSXMAG00000005913"
"761","ENSXMAG00000005914"
"762","ENSXMAG00000005927"
"763","ENSXMAG00000005935"
"764","ENSXMAG00000005944"
"765","ENSXMAG00000005949"
"766","ENSXMAG00000005952"
"767","ENSXMAG00000005978"
"768","ENSXMAG00000005982"
"769","ENSXMAG00000005983"
"770","ENSXMAG00000005985"
"771","ENSXMAG00000005992"
"772","ENSXMAG00000005996"
"773","ENSXMAG00000006002"
"774","ENSXMAG00000006016"
"775","ENSXMAG00000006022"
"776","ENSXMAG00000006027"
"777","ENSXMAG00000006043"
"778","ENSXMAG00000006046"
"779","ENSXMAG00000006067"
"780","ENSXMAG00000006070"
"781","ENSXMAG00000006085"
"782","ENSXMAG00000006093"
"783","ENSXMAG00000006103"
"784","ENSXMAG00000006110"
"785","ENSXMAG00000006125"
"786","ENSXMAG00000006130"
"787","ENSXMAG00000006142"
"788","ENSXMAG00000006143"
"789","ENSXMAG00000006146"
"790","ENSXMAG00000006148"
"791","ENSXMAG00000006158"
"792","ENSXMAG00000006165"
"793","ENSXMAG00000006168"
"794","ENSXMAG00000006169"
"795","ENSXMAG00000006174"
"796","ENSXMAG00000006180"
"797","ENSXMAG00000006193"
"798","ENSXMAG00000006210"
"799","ENSXMAG00000006212"
"800","ENSXMAG00000006214"
"801","ENSXMAG00000006230"
"802","ENSXMAG00000006239"
"803","ENSXMAG00000006249"
"804","ENSXMAG00000006253"
"805","ENSXMAG00000006255"
"806","ENSXMAG00000006262"
"807","ENSXMAG00000006267"
"808","ENSXMAG00000006277"
"809","ENSXMAG00000006280"
"810","ENSXMAG00000006283"
"811","ENSXMAG00000006296"
"812","ENSXMAG00000006300"
"813","ENSXMAG00000006308"
"814","ENSXMAG00000006310"
"815","ENSXMAG00000006311"
"816","ENSXMAG00000006316"
"817","ENSXMAG00000006323"
"818","ENSXMAG00000006349"
"819","ENSXMAG00000006374"
"820","ENSXMAG00000006375"
"821","ENSXMAG00000006382"
"822","ENSXMAG00000006385"
"823","ENSXMAG00000006397"
"824","ENSXMAG00000006399"
"825","ENSXMAG00000006405"
"826","ENSXMAG00000006411"
"827","ENSXMAG00000006419"
"828","ENSXMAG00000006424"
"829","ENSXMAG00000006430"
"830","ENSXMAG00000006432"
"831","ENSXMAG00000006435"
"832","ENSXMAG00000006441"
"833","ENSXMAG00000006447"
"834","ENSXMAG00000006458"
"835","ENSXMAG00000006470"
"836","ENSXMAG00000006474"
"837","ENSXMAG00000006486"
"838","ENSXMAG00000006500"
"839","ENSXMAG00000006511"
"840","ENSXMAG00000006512"
"841","ENSXMAG00000006514"
"842","ENSXMAG00000006538"
"843","ENSXMAG00000006547"
"844","ENSXMAG00000006552"
"845","ENSXMAG00000006561"
"846","ENSXMAG00000006562"
"847","ENSXMAG00000006585"
"848","ENSXMAG00000006588"
"849","ENSXMAG00000006609"
"850","ENSXMAG00000006613"
"851","ENSXMAG00000006618"
"852","ENSXMAG00000006623"
"853","ENSXMAG00000006626"
"854","ENSXMAG00000006627"
"855","ENSXMAG00000006628"
"856","ENSXMAG00000006636"
"857","ENSXMAG00000006640"
"858","ENSXMAG00000006657"
"859","ENSXMAG00000006662"
"860","ENSXMAG00000006663"
"861","ENSXMAG00000006665"
"862","ENSXMAG00000006667"
"863","ENSXMAG00000006668"
"864","ENSXMAG00000006675"
"865","ENSXMAG00000006680"
"866","ENSXMAG00000006681"
"867","ENSXMAG00000006686"
"868","ENSXMAG00000006690"
"869","ENSXMAG00000006692"
"870","ENSXMAG00000006693"
"871","ENSXMAG00000006702"
"872","ENSXMAG00000006707"
"873","ENSXMAG00000006718"
"874","ENSXMAG00000006720"
"875","ENSXMAG00000006722"
"876","ENSXMAG00000006732"
"877","ENSXMAG00000006738"
"878","ENSXMAG00000006739"
"879","ENSXMAG00000006741"
"880","ENSXMAG00000006751"
"881","ENSXMAG00000006753"
"882","ENSXMAG00000006755"
"883","ENSXMAG00000006761"
"884","ENSXMAG00000006766"
"885","ENSXMAG00000006772"
"886","ENSXMAG00000006776"
"887","ENSXMAG00000006781"
"888","ENSXMAG00000006785"
"889","ENSXMAG00000006794"
"890","ENSXMAG00000006797"
"891","ENSXMAG00000006798"
"892","ENSXMAG00000006801"
"893","ENSXMAG00000006808"
"894","ENSXMAG00000006814"
"895","ENSXMAG00000006832"
"896","ENSXMAG00000006854"
"897","ENSXMAG00000006860"
"898","ENSXMAG00000006863"
"899","ENSXMAG00000006873"
"900","ENSXMAG00000006879"
"901","ENSXMAG00000006894"
"902","ENSXMAG00000006911"
"903","ENSXMAG00000006921"
"904","ENSXMAG00000006924"
"905","ENSXMAG00000006940"
"906","ENSXMAG00000006942"
"907","ENSXMAG00000006951"
"908","ENSXMAG00000006953"
"909","ENSXMAG00000006962"
"910","ENSXMAG00000006971"
"911","ENSXMAG00000006982"
"912","ENSXMAG00000006983"
"913","ENSXMAG00000006984"
"914","ENSXMAG00000006997"
"915","ENSXMAG00000007002"
"916","ENSXMAG00000007005"
"917","ENSXMAG00000007010"
"918","ENSXMAG00000007018"
"919","ENSXMAG00000007022"
"920","ENSXMAG00000007026"
"921","ENSXMAG00000007030"
"922","ENSXMAG00000007031"
"923","ENSXMAG00000007033"
"924","ENSXMAG00000007036"
"925","ENSXMAG00000007039"
"926","ENSXMAG00000007053"
"927","ENSXMAG00000007056"
"928","ENSXMAG00000007061"
"929","ENSXMAG00000007062"
"930","ENSXMAG00000007071"
"931","ENSXMAG00000007072"
"932","ENSXMAG00000007076"
"933","ENSXMAG00000007085"
"934","ENSXMAG00000007107"
"935","ENSXMAG00000007124"
"936","ENSXMAG00000007131"
"937","ENSXMAG00000007137"
"938","ENSXMAG00000007138"
"939","ENSXMAG00000007141"
"940","ENSXMAG00000007160"
"941","ENSXMAG00000007167"
"942","ENSXMAG00000007168"
"943","ENSXMAG00000007171"
"944","ENSXMAG00000007173"
"945","ENSXMAG00000007181"
"946","ENSXMAG00000007203"
"947","ENSXMAG00000007207"
"948","ENSXMAG00000007233"
"949","ENSXMAG00000007240"
"950","ENSXMAG00000007249"
"951","ENSXMAG00000007260"
"952","ENSXMAG00000007261"
"953","ENSXMAG00000007267"
"954","ENSXMAG00000007281"
"955","ENSXMAG00000007287"
"956","ENSXMAG00000007301"
"957","ENSXMAG00000007304"
"958","ENSXMAG00000007313"
"959","ENSXMAG00000007326"
"960","ENSXMAG00000007328"
"961","ENSXMAG00000007332"
"962","ENSXMAG00000007336"
"963","ENSXMAG00000007345"
"964","ENSXMAG00000007347"
"965","ENSXMAG00000007357"
"966","ENSXMAG00000007366"
"967","ENSXMAG00000007367"
"968","ENSXMAG00000007368"
"969","ENSXMAG00000007372"
"970","ENSXMAG00000007374"
"971","ENSXMAG00000007376"
"972","ENSXMAG00000007378"
"973","ENSXMAG00000007390"
"974","ENSXMAG00000007395"
"975","ENSXMAG00000007399"
"976","ENSXMAG00000007406"
"977","ENSXMAG00000007418"
"978","ENSXMAG00000007432"
"979","ENSXMAG00000007433"
"980","ENSXMAG00000007436"
"981","ENSXMAG00000007440"
"982","ENSXMAG00000007441"
"983","ENSXMAG00000007449"
"984","ENSXMAG00000007455"
"985","ENSXMAG00000007468"
"986","ENSXMAG00000007482"
"987","ENSXMAG00000007497"
"988","ENSXMAG00000007499"
"989","ENSXMAG00000007511"
"990","ENSXMAG00000007518"
"991","ENSXMAG00000007521"
"992","ENSXMAG00000007544"
"993","ENSXMAG00000007548"
"994","ENSXMAG00000007561"
"995","ENSXMAG00000007570"
"996","ENSXMAG00000007578"
"997","ENSXMAG00000007590"
"998","ENSXMAG00000007596"
"999","ENSXMAG00000007597"
"1000","ENSXMAG00000007620"
"1001","ENSXMAG00000007641"
"1002","ENSXMAG00000007657"
"1003","ENSXMAG00000007658"
"1004","ENSXMAG00000007667"
"1005","ENSXMAG00000007674"
"1006","ENSXMAG00000007705"
"1007","ENSXMAG00000007709"
"1008","ENSXMAG00000007710"
"1009","ENSXMAG00000007722"
"1010","ENSXMAG00000007734"
"1011","ENSXMAG00000007755"
"1012","ENSXMAG00000007756"
"1013","ENSXMAG00000007768"
"1014","ENSXMAG00000007770"
"1015","ENSXMAG00000007772"
"1016","ENSXMAG00000007785"
"1017","ENSXMAG00000007807"
"1018","ENSXMAG00000007821"
"1019","ENSXMAG00000007826"
"1020","ENSXMAG00000007827"
"1021","ENSXMAG00000007833"
"1022","ENSXMAG00000007854"
"1023","ENSXMAG00000007856"
"1024","ENSXMAG00000007858"
"1025","ENSXMAG00000007868"
"1026","ENSXMAG00000007872"
"1027","ENSXMAG00000007877"
"1028","ENSXMAG00000007887"
"1029","ENSXMAG00000007890"
"1030","ENSXMAG00000007899"
"1031","ENSXMAG00000007907"
"1032","ENSXMAG00000007922"
"1033","ENSXMAG00000007932"
"1034","ENSXMAG00000007936"
"1035","ENSXMAG00000007943"
"1036","ENSXMAG00000007944"
"1037","ENSXMAG00000007949"
"1038","ENSXMAG00000007964"
"1039","ENSXMAG00000007971"
"1040","ENSXMAG00000007973"
"1041","ENSXMAG00000007974"
"1042","ENSXMAG00000007977"
"1043","ENSXMAG00000007978"
"1044","ENSXMAG00000007982"
"1045","ENSXMAG00000008001"
"1046","ENSXMAG00000008005"
"1047","ENSXMAG00000008009"
"1048","ENSXMAG00000008010"
"1049","ENSXMAG00000008017"
"1050","ENSXMAG00000008022"
"1051","ENSXMAG00000008035"
"1052","ENSXMAG00000008041"
"1053","ENSXMAG00000008042"
"1054","ENSXMAG00000008046"
"1055","ENSXMAG00000008052"
"1056","ENSXMAG00000008068"
"1057","ENSXMAG00000008081"
"1058","ENSXMAG00000008090"
"1059","ENSXMAG00000008108"
"1060","ENSXMAG00000008110"
"1061","ENSXMAG00000008127"
"1062","ENSXMAG00000008142"
"1063","ENSXMAG00000008147"
"1064","ENSXMAG00000008148"
"1065","ENSXMAG00000008155"
"1066","ENSXMAG00000008159"
"1067","ENSXMAG00000008167"
"1068","ENSXMAG00000008169"
"1069","ENSXMAG00000008171"
"1070","ENSXMAG00000008193"
"1071","ENSXMAG00000008204"
"1072","ENSXMAG00000008209"
"1073","ENSXMAG00000008215"
"1074","ENSXMAG00000008232"
"1075","ENSXMAG00000008235"
"1076","ENSXMAG00000008248"
"1077","ENSXMAG00000008255"
"1078","ENSXMAG00000008264"
"1079","ENSXMAG00000008286"
"1080","ENSXMAG00000008311"
"1081","ENSXMAG00000008387"
"1082","ENSXMAG00000008418"
"1083","ENSXMAG00000008419"
"1084","ENSXMAG00000008424"
"1085","ENSXMAG00000008427"
"1086","ENSXMAG00000008435"
"1087","ENSXMAG00000008438"
"1088","ENSXMAG00000008443"
"1089","ENSXMAG00000008445"
"1090","ENSXMAG00000008448"
"1091","ENSXMAG00000008469"
"1092","ENSXMAG00000008495"
"1093","ENSXMAG00000008499"
"1094","ENSXMAG00000008509"
"1095","ENSXMAG00000008518"
"1096","ENSXMAG00000008537"
"1097","ENSXMAG00000008546"
"1098","ENSXMAG00000008565"
"1099","ENSXMAG00000008571"
"1100","ENSXMAG00000008577"
"1101","ENSXMAG00000008584"
"1102","ENSXMAG00000008596"
"1103","ENSXMAG00000008607"
"1104","ENSXMAG00000008621"
"1105","ENSXMAG00000008626"
"1106","ENSXMAG00000008631"
"1107","ENSXMAG00000008635"
"1108","ENSXMAG00000008640"
"1109","ENSXMAG00000008651"
"1110","ENSXMAG00000008655"
"1111","ENSXMAG00000008666"
"1112","ENSXMAG00000008670"
"1113","ENSXMAG00000008672"
"1114","ENSXMAG00000008674"
"1115","ENSXMAG00000008676"
"1116","ENSXMAG00000008698"
"1117","ENSXMAG00000008704"
"1118","ENSXMAG00000008706"
"1119","ENSXMAG00000008726"
"1120","ENSXMAG00000008727"
"1121","ENSXMAG00000008737"
"1122","ENSXMAG00000008739"
"1123","ENSXMAG00000008763"
"1124","ENSXMAG00000008766"
"1125","ENSXMAG00000008777"
"1126","ENSXMAG00000008779"
"1127","ENSXMAG00000008821"
"1128","ENSXMAG00000008841"
"1129","ENSXMAG00000008857"
"1130","ENSXMAG00000008861"
"1131","ENSXMAG00000008862"
"1132","ENSXMAG00000008868"
"1133","ENSXMAG00000008876"
"1134","ENSXMAG00000008887"
"1135","ENSXMAG00000008888"
"1136","ENSXMAG00000008909"
"1137","ENSXMAG00000008912"
"1138","ENSXMAG00000008922"
"1139","ENSXMAG00000008933"
"1140","ENSXMAG00000008939"
"1141","ENSXMAG00000008944"
"1142","ENSXMAG00000008947"
"1143","ENSXMAG00000008954"
"1144","ENSXMAG00000008961"
"1145","ENSXMAG00000008963"
"1146","ENSXMAG00000008974"
"1147","ENSXMAG00000008987"
"1148","ENSXMAG00000008999"
"1149","ENSXMAG00000009003"
"1150","ENSXMAG00000009018"
"1151","ENSXMAG00000009019"
"1152","ENSXMAG00000009035"
"1153","ENSXMAG00000009037"
"1154","ENSXMAG00000009056"
"1155","ENSXMAG00000009060"
"1156","ENSXMAG00000009065"
"1157","ENSXMAG00000009069"
"1158","ENSXMAG00000009073"
"1159","ENSXMAG00000009080"
"1160","ENSXMAG00000009091"
"1161","ENSXMAG00000009096"
"1162","ENSXMAG00000009111"
"1163","ENSXMAG00000009139"
"1164","ENSXMAG00000009145"
"1165","ENSXMAG00000009159"
"1166","ENSXMAG00000009160"
"1167","ENSXMAG00000009176"
"1168","ENSXMAG00000009190"
"1169","ENSXMAG00000009197"
"1170","ENSXMAG00000009206"
"1171","ENSXMAG00000009207"
"1172","ENSXMAG00000009210"
"1173","ENSXMAG00000009215"
"1174","ENSXMAG00000009220"
"1175","ENSXMAG00000009224"
"1176","ENSXMAG00000009226"
"1177","ENSXMAG00000009243"
"1178","ENSXMAG00000009257"
"1179","ENSXMAG00000009272"
"1180","ENSXMAG00000009284"
"1181","ENSXMAG00000009286"
"1182","ENSXMAG00000009288"
"1183","ENSXMAG00000009292"
"1184","ENSXMAG00000009294"
"1185","ENSXMAG00000009297"
"1186","ENSXMAG00000009300"
"1187","ENSXMAG00000009305"
"1188","ENSXMAG00000009311"
"1189","ENSXMAG00000009314"
"1190","ENSXMAG00000009320"
"1191","ENSXMAG00000009325"
"1192","ENSXMAG00000009329"
"1193","ENSXMAG00000009343"
"1194","ENSXMAG00000009358"
"1195","ENSXMAG00000009359"
"1196","ENSXMAG00000009365"
"1197","ENSXMAG00000009367"
"1198","ENSXMAG00000009369"
"1199","ENSXMAG00000009372"
"1200","ENSXMAG00000009386"
"1201","ENSXMAG00000009394"
"1202","ENSXMAG00000009405"
"1203","ENSXMAG00000009408"
"1204","ENSXMAG00000009411"
"1205","ENSXMAG00000009415"
"1206","ENSXMAG00000009421"
"1207","ENSXMAG00000009428"
"1208","ENSXMAG00000009429"
"1209","ENSXMAG00000009435"
"1210","ENSXMAG00000009444"
"1211","ENSXMAG00000009463"
"1212","ENSXMAG00000009464"
"1213","ENSXMAG00000009473"
"1214","ENSXMAG00000009487"
"1215","ENSXMAG00000009495"
"1216","ENSXMAG00000009510"
"1217","ENSXMAG00000009535"
"1218","ENSXMAG00000009545"
"1219","ENSXMAG00000009548"
"1220","ENSXMAG00000009558"
"1221","ENSXMAG00000009559"
"1222","ENSXMAG00000009565"
"1223","ENSXMAG00000009575"
"1224","ENSXMAG00000009603"
"1225","ENSXMAG00000009606"
"1226","ENSXMAG00000009612"
"1227","ENSXMAG00000009619"
"1228","ENSXMAG00000009626"
"1229","ENSXMAG00000009629"
"1230","ENSXMAG00000009635"
"1231","ENSXMAG00000009646"
"1232","ENSXMAG00000009654"
"1233","ENSXMAG00000009660"
"1234","ENSXMAG00000009685"
"1235","ENSXMAG00000009696"
"1236","ENSXMAG00000009702"
"1237","ENSXMAG00000009705"
"1238","ENSXMAG00000009706"
"1239","ENSXMAG00000009728"
"1240","ENSXMAG00000009761"
"1241","ENSXMAG00000009768"
"1242","ENSXMAG00000009780"
"1243","ENSXMAG00000009783"
"1244","ENSXMAG00000009784"
"1245","ENSXMAG00000009794"
"1246","ENSXMAG00000009795"
"1247","ENSXMAG00000009798"
"1248","ENSXMAG00000009802"
"1249","ENSXMAG00000009809"
"1250","ENSXMAG00000009811"
"1251","ENSXMAG00000009832"
"1252","ENSXMAG00000009835"
"1253","ENSXMAG00000009844"
"1254","ENSXMAG00000009851"
"1255","ENSXMAG00000009861"
"1256","ENSXMAG00000009871"
"1257","ENSXMAG00000009872"
"1258","ENSXMAG00000009879"
"1259","ENSXMAG00000009885"
"1260","ENSXMAG00000009888"
"1261","ENSXMAG00000009891"
"1262","ENSXMAG00000009897"
"1263","ENSXMAG00000009898"
"1264","ENSXMAG00000009899"
"1265","ENSXMAG00000009907"
"1266","ENSXMAG00000009919"
"1267","ENSXMAG00000009938"
"1268","ENSXMAG00000009957"
"1269","ENSXMAG00000009960"
"1270","ENSXMAG00000009970"
"1271","ENSXMAG00000009989"
"1272","ENSXMAG00000009990"
"1273","ENSXMAG00000009996"
"1274","ENSXMAG00000010019"
"1275","ENSXMAG00000010038"
"1276","ENSXMAG00000010057"
"1277","ENSXMAG00000010063"
"1278","ENSXMAG00000010064"
"1279","ENSXMAG00000010067"
"1280","ENSXMAG00000010075"
"1281","ENSXMAG00000010083"
"1282","ENSXMAG00000010086"
"1283","ENSXMAG00000010088"
"1284","ENSXMAG00000010090"
"1285","ENSXMAG00000010092"
"1286","ENSXMAG00000010096"
"1287","ENSXMAG00000010126"
"1288","ENSXMAG00000010130"
"1289","ENSXMAG00000010144"
"1290","ENSXMAG00000010148"
"1291","ENSXMAG00000010150"
"1292","ENSXMAG00000010151"
"1293","ENSXMAG00000010154"
"1294","ENSXMAG00000010163"
"1295","ENSXMAG00000010171"
"1296","ENSXMAG00000010172"
"1297","ENSXMAG00000010173"
"1298","ENSXMAG00000010179"
"1299","ENSXMAG00000010186"
"1300","ENSXMAG00000010194"
"1301","ENSXMAG00000010196"
"1302","ENSXMAG00000010205"
"1303","ENSXMAG00000010208"
"1304","ENSXMAG00000010223"
"1305","ENSXMAG00000010227"
"1306","ENSXMAG00000010229"
"1307","ENSXMAG00000010240"
"1308","ENSXMAG00000010243"
"1309","ENSXMAG00000010252"
"1310","ENSXMAG00000010274"
"1311","ENSXMAG00000010283"
"1312","ENSXMAG00000010284"
"1313","ENSXMAG00000010288"
"1314","ENSXMAG00000010291"
"1315","ENSXMAG00000010293"
"1316","ENSXMAG00000010303"
"1317","ENSXMAG00000010310"
"1318","ENSXMAG00000010312"
"1319","ENSXMAG00000010328"
"1320","ENSXMAG00000010346"
"1321","ENSXMAG00000010353"
"1322","ENSXMAG00000010358"
"1323","ENSXMAG00000010363"
"1324","ENSXMAG00000010385"
"1325","ENSXMAG00000010389"
"1326","ENSXMAG00000010403"
"1327","ENSXMAG00000010407"
"1328","ENSXMAG00000010410"
"1329","ENSXMAG00000010417"
"1330","ENSXMAG00000010425"
"1331","ENSXMAG00000010458"
"1332","ENSXMAG00000010468"
"1333","ENSXMAG00000010472"
"1334","ENSXMAG00000010479"
"1335","ENSXMAG00000010480"
"1336","ENSXMAG00000010497"
"1337","ENSXMAG00000010513"
"1338","ENSXMAG00000010522"
"1339","ENSXMAG00000010525"
"1340","ENSXMAG00000010527"
"1341","ENSXMAG00000010531"
"1342","ENSXMAG00000010538"
"1343","ENSXMAG00000010542"
"1344","ENSXMAG00000010544"
"1345","ENSXMAG00000010551"
"1346","ENSXMAG00000010558"
"1347","ENSXMAG00000010560"
"1348","ENSXMAG00000010566"
"1349","ENSXMAG00000010567"
"1350","ENSXMAG00000010574"
"1351","ENSXMAG00000010599"
"1352","ENSXMAG00000010615"
"1353","ENSXMAG00000010622"
"1354","ENSXMAG00000010627"
"1355","ENSXMAG00000010657"
"1356","ENSXMAG00000010666"
"1357","ENSXMAG00000010676"
"1358","ENSXMAG00000010684"
"1359","ENSXMAG00000010689"
"1360","ENSXMAG00000010694"
"1361","ENSXMAG00000010705"
"1362","ENSXMAG00000010734"
"1363","ENSXMAG00000010735"
"1364","ENSXMAG00000010742"
"1365","ENSXMAG00000010750"
"1366","ENSXMAG00000010756"
"1367","ENSXMAG00000010760"
"1368","ENSXMAG00000010765"
"1369","ENSXMAG00000010773"
"1370","ENSXMAG00000010775"
"1371","ENSXMAG00000010788"
"1372","ENSXMAG00000010791"
"1373","ENSXMAG00000010796"
"1374","ENSXMAG00000010798"
"1375","ENSXMAG00000010808"
"1376","ENSXMAG00000010832"
"1377","ENSXMAG00000010837"
"1378","ENSXMAG00000010849"
"1379","ENSXMAG00000010856"
"1380","ENSXMAG00000010870"
"1381","ENSXMAG00000010893"
"1382","ENSXMAG00000010899"
"1383","ENSXMAG00000010914"
"1384","ENSXMAG00000010921"
"1385","ENSXMAG00000010926"
"1386","ENSXMAG00000010931"
"1387","ENSXMAG00000010932"
"1388","ENSXMAG00000010956"
"1389","ENSXMAG00000010960"
"1390","ENSXMAG00000010964"
"1391","ENSXMAG00000010966"
"1392","ENSXMAG00000010978"
"1393","ENSXMAG00000010979"
"1394","ENSXMAG00000010987"
"1395","ENSXMAG00000010992"
"1396","ENSXMAG00000010994"
"1397","ENSXMAG00000010997"
"1398","ENSXMAG00000011002"
"1399","ENSXMAG00000011012"
"1400","ENSXMAG00000011016"
"1401","ENSXMAG00000011020"
"1402","ENSXMAG00000011023"
"1403","ENSXMAG00000011042"
"1404","ENSXMAG00000011048"
"1405","ENSXMAG00000011055"
"1406","ENSXMAG00000011057"
"1407","ENSXMAG00000011069"
"1408","ENSXMAG00000011076"
"1409","ENSXMAG00000011079"
"1410","ENSXMAG00000011093"
"1411","ENSXMAG00000011110"
"1412","ENSXMAG00000011114"
"1413","ENSXMAG00000011115"
"1414","ENSXMAG00000011133"
"1415","ENSXMAG00000011142"
"1416","ENSXMAG00000011146"
"1417","ENSXMAG00000011157"
"1418","ENSXMAG00000011160"
"1419","ENSXMAG00000011172"
"1420","ENSXMAG00000011175"
"1421","ENSXMAG00000011205"
"1422","ENSXMAG00000011213"
"1423","ENSXMAG00000011233"
"1424","ENSXMAG00000011245"
"1425","ENSXMAG00000011252"
"1426","ENSXMAG00000011268"
"1427","ENSXMAG00000011275"
"1428","ENSXMAG00000011292"
"1429","ENSXMAG00000011298"
"1430","ENSXMAG00000011300"
"1431","ENSXMAG00000011313"
"1432","ENSXMAG00000011324"
"1433","ENSXMAG00000011325"
"1434","ENSXMAG00000011346"
"1435","ENSXMAG00000011362"
"1436","ENSXMAG00000011367"
"1437","ENSXMAG00000011369"
"1438","ENSXMAG00000011394"
"1439","ENSXMAG00000011402"
"1440","ENSXMAG00000011406"
"1441","ENSXMAG00000011407"
"1442","ENSXMAG00000011416"
"1443","ENSXMAG00000011420"
"1444","ENSXMAG00000011428"
"1445","ENSXMAG00000011433"
"1446","ENSXMAG00000011439"
"1447","ENSXMAG00000011444"
"1448","ENSXMAG00000011461"
"1449","ENSXMAG00000011469"
"1450","ENSXMAG00000011472"
"1451","ENSXMAG00000011523"
"1452","ENSXMAG00000011528"
"1453","ENSXMAG00000011554"
"1454","ENSXMAG00000011556"
"1455","ENSXMAG00000011559"
"1456","ENSXMAG00000011561"
"1457","ENSXMAG00000011563"
"1458","ENSXMAG00000011577"
"1459","ENSXMAG00000011582"
"1460","ENSXMAG00000011585"
"1461","ENSXMAG00000011598"
"1462","ENSXMAG00000011606"
"1463","ENSXMAG00000011613"
"1464","ENSXMAG00000011618"
"1465","ENSXMAG00000011629"
"1466","ENSXMAG00000011634"
"1467","ENSXMAG00000011637"
"1468","ENSXMAG00000011645"
"1469","ENSXMAG00000011656"
"1470","ENSXMAG00000011667"
"1471","ENSXMAG00000011676"
"1472","ENSXMAG00000011677"
"1473","ENSXMAG00000011678"
"1474","ENSXMAG00000011690"
"1475","ENSXMAG00000011738"
"1476","ENSXMAG00000011753"
"1477","ENSXMAG00000011788"
"1478","ENSXMAG00000011789"
"1479","ENSXMAG00000011791"
"1480","ENSXMAG00000011797"
"1481","ENSXMAG00000011822"
"1482","ENSXMAG00000011843"
"1483","ENSXMAG00000011849"
"1484","ENSXMAG00000011850"
"1485","ENSXMAG00000011861"
"1486","ENSXMAG00000011863"
"1487","ENSXMAG00000011869"
"1488","ENSXMAG00000011870"
"1489","ENSXMAG00000011875"
"1490","ENSXMAG00000011878"
"1491","ENSXMAG00000011885"
"1492","ENSXMAG00000011914"
"1493","ENSXMAG00000011918"
"1494","ENSXMAG00000011922"
"1495","ENSXMAG00000011936"
"1496","ENSXMAG00000011943"
"1497","ENSXMAG00000011953"
"1498","ENSXMAG00000011955"
"1499","ENSXMAG00000011957"
"1500","ENSXMAG00000011970"
"1501","ENSXMAG00000011973"
"1502","ENSXMAG00000011981"
"1503","ENSXMAG00000011987"
"1504","ENSXMAG00000011994"
"1505","ENSXMAG00000012002"
"1506","ENSXMAG00000012010"
"1507","ENSXMAG00000012016"
"1508","ENSXMAG00000012018"
"1509","ENSXMAG00000012038"
"1510","ENSXMAG00000012041"
"1511","ENSXMAG00000012045"
"1512","ENSXMAG00000012065"
"1513","ENSXMAG00000012069"
"1514","ENSXMAG00000012075"
"1515","ENSXMAG00000012079"
"1516","ENSXMAG00000012100"
"1517","ENSXMAG00000012105"
"1518","ENSXMAG00000012117"
"1519","ENSXMAG00000012119"
"1520","ENSXMAG00000012125"
"1521","ENSXMAG00000012139"
"1522","ENSXMAG00000012152"
"1523","ENSXMAG00000012159"
"1524","ENSXMAG00000012166"
"1525","ENSXMAG00000012195"
"1526","ENSXMAG00000012198"
"1527","ENSXMAG00000012202"
"1528","ENSXMAG00000012203"
"1529","ENSXMAG00000012204"
"1530","ENSXMAG00000012210"
"1531","ENSXMAG00000012223"
"1532","ENSXMAG00000012225"
"1533","ENSXMAG00000012231"
"1534","ENSXMAG00000012235"
"1535","ENSXMAG00000012248"
"1536","ENSXMAG00000012252"
"1537","ENSXMAG00000012255"
"1538","ENSXMAG00000012266"
"1539","ENSXMAG00000012269"
"1540","ENSXMAG00000012272"
"1541","ENSXMAG00000012298"
"1542","ENSXMAG00000012314"
"1543","ENSXMAG00000012334"
"1544","ENSXMAG00000012345"
"1545","ENSXMAG00000012347"
"1546","ENSXMAG00000012378"
"1547","ENSXMAG00000012385"
"1548","ENSXMAG00000012394"
"1549","ENSXMAG00000012403"
"1550","ENSXMAG00000012406"
"1551","ENSXMAG00000012413"
"1552","ENSXMAG00000012414"
"1553","ENSXMAG00000012421"
"1554","ENSXMAG00000012422"
"1555","ENSXMAG00000012426"
"1556","ENSXMAG00000012449"
"1557","ENSXMAG00000012452"
"1558","ENSXMAG00000012454"
"1559","ENSXMAG00000012467"
"1560","ENSXMAG00000012469"
"1561","ENSXMAG00000012489"
"1562","ENSXMAG00000012500"
"1563","ENSXMAG00000012503"
"1564","ENSXMAG00000012504"
"1565","ENSXMAG00000012507"
"1566","ENSXMAG00000012508"
"1567","ENSXMAG00000012515"
"1568","ENSXMAG00000012520"
"1569","ENSXMAG00000012530"
"1570","ENSXMAG00000012531"
"1571","ENSXMAG00000012538"
"1572","ENSXMAG00000012555"
"1573","ENSXMAG00000012566"
"1574","ENSXMAG00000012604"
"1575","ENSXMAG00000012616"
"1576","ENSXMAG00000012622"
"1577","ENSXMAG00000012638"
"1578","ENSXMAG00000012643"
"1579","ENSXMAG00000012647"
"1580","ENSXMAG00000012649"
"1581","ENSXMAG00000012661"
"1582","ENSXMAG00000012670"
"1583","ENSXMAG00000012679"
"1584","ENSXMAG00000012684"
"1585","ENSXMAG00000012686"
"1586","ENSXMAG00000012689"
"1587","ENSXMAG00000012694"
"1588","ENSXMAG00000012697"
"1589","ENSXMAG00000012707"
"1590","ENSXMAG00000012712"
"1591","ENSXMAG00000012721"
"1592","ENSXMAG00000012722"
"1593","ENSXMAG00000012738"
"1594","ENSXMAG00000012744"
"1595","ENSXMAG00000012746"
"1596","ENSXMAG00000012747"
"1597","ENSXMAG00000012769"
"1598","ENSXMAG00000012778"
"1599","ENSXMAG00000012787"
"1600","ENSXMAG00000012799"
"1601","ENSXMAG00000012839"
"1602","ENSXMAG00000012842"
"1603","ENSXMAG00000012845"
"1604","ENSXMAG00000012862"
"1605","ENSXMAG00000012863"
"1606","ENSXMAG00000012876"
"1607","ENSXMAG00000012877"
"1608","ENSXMAG00000012883"
"1609","ENSXMAG00000012890"
"1610","ENSXMAG00000012891"
"1611","ENSXMAG00000012897"
"1612","ENSXMAG00000012904"
"1613","ENSXMAG00000012915"
"1614","ENSXMAG00000012920"
"1615","ENSXMAG00000012922"
"1616","ENSXMAG00000012923"
"1617","ENSXMAG00000012934"
"1618","ENSXMAG00000012937"
"1619","ENSXMAG00000012943"
"1620","ENSXMAG00000012950"
"1621","ENSXMAG00000012952"
"1622","ENSXMAG00000012959"
"1623","ENSXMAG00000012983"
"1624","ENSXMAG00000012985"
"1625","ENSXMAG00000012997"
"1626","ENSXMAG00000013000"
"1627","ENSXMAG00000013022"
"1628","ENSXMAG00000013025"
"1629","ENSXMAG00000013032"
"1630","ENSXMAG00000013037"
"1631","ENSXMAG00000013038"
"1632","ENSXMAG00000013042"
"1633","ENSXMAG00000013061"
"1634","ENSXMAG00000013067"
"1635","ENSXMAG00000013069"
"1636","ENSXMAG00000013072"
"1637","ENSXMAG00000013073"
"1638","ENSXMAG00000013077"
"1639","ENSXMAG00000013081"
"1640","ENSXMAG00000013093"
"1641","ENSXMAG00000013113"
"1642","ENSXMAG00000013118"
"1643","ENSXMAG00000013119"
"1644","ENSXMAG00000013127"
"1645","ENSXMAG00000013144"
"1646","ENSXMAG00000013145"
"1647","ENSXMAG00000013151"
"1648","ENSXMAG00000013153"
"1649","ENSXMAG00000013173"
"1650","ENSXMAG00000013208"
"1651","ENSXMAG00000013211"
"1652","ENSXMAG00000013219"
"1653","ENSXMAG00000013220"
"1654","ENSXMAG00000013229"
"1655","ENSXMAG00000013236"
"1656","ENSXMAG00000013241"
"1657","ENSXMAG00000013245"
"1658","ENSXMAG00000013250"
"1659","ENSXMAG00000013253"
"1660","ENSXMAG00000013256"
"1661","ENSXMAG00000013263"
"1662","ENSXMAG00000013267"
"1663","ENSXMAG00000013271"
"1664","ENSXMAG00000013276"
"1665","ENSXMAG00000013279"
"1666","ENSXMAG00000013282"
"1667","ENSXMAG00000013287"
"1668","ENSXMAG00000013299"
"1669","ENSXMAG00000013309"
"1670","ENSXMAG00000013320"
"1671","ENSXMAG00000013337"
"1672","ENSXMAG00000013338"
"1673","ENSXMAG00000013339"
"1674","ENSXMAG00000013343"
"1675","ENSXMAG00000013344"
"1676","ENSXMAG00000013348"
"1677","ENSXMAG00000013350"
"1678","ENSXMAG00000013360"
"1679","ENSXMAG00000013361"
"1680","ENSXMAG00000013373"
"1681","ENSXMAG00000013380"
"1682","ENSXMAG00000013397"
"1683","ENSXMAG00000013398"
"1684","ENSXMAG00000013407"
"1685","ENSXMAG00000013410"
"1686","ENSXMAG00000013424"
"1687","ENSXMAG00000013455"
"1688","ENSXMAG00000013467"
"1689","ENSXMAG00000013474"
"1690","ENSXMAG00000013488"
"1691","ENSXMAG00000013489"
"1692","ENSXMAG00000013496"
"1693","ENSXMAG00000013506"
"1694","ENSXMAG00000013516"
"1695","ENSXMAG00000013517"
"1696","ENSXMAG00000013524"
"1697","ENSXMAG00000013526"
"1698","ENSXMAG00000013528"
"1699","ENSXMAG00000013529"
"1700","ENSXMAG00000013535"
"1701","ENSXMAG00000013538"
"1702","ENSXMAG00000013548"
"1703","ENSXMAG00000013551"
"1704","ENSXMAG00000013554"
"1705","ENSXMAG00000013574"
"1706","ENSXMAG00000013578"
"1707","ENSXMAG00000013588"
"1708","ENSXMAG00000013595"
"1709","ENSXMAG00000013596"
"1710","ENSXMAG00000013599"
"1711","ENSXMAG00000013603"
"1712","ENSXMAG00000013608"
"1713","ENSXMAG00000013615"
"1714","ENSXMAG00000013641"
"1715","ENSXMAG00000013642"
"1716","ENSXMAG00000013647"
"1717","ENSXMAG00000013658"
"1718","ENSXMAG00000013661"
"1719","ENSXMAG00000013670"
"1720","ENSXMAG00000013680"
"1721","ENSXMAG00000013686"
"1722","ENSXMAG00000013691"
"1723","ENSXMAG00000013695"
"1724","ENSXMAG00000013696"
"1725","ENSXMAG00000013699"
"1726","ENSXMAG00000013707"
"1727","ENSXMAG00000013710"
"1728","ENSXMAG00000013719"
"1729","ENSXMAG00000013720"
"1730","ENSXMAG00000013721"
"1731","ENSXMAG00000013724"
"1732","ENSXMAG00000013731"
"1733","ENSXMAG00000013734"
"1734","ENSXMAG00000013739"
"1735","ENSXMAG00000013742"
"1736","ENSXMAG00000013744"
"1737","ENSXMAG00000013748"
"1738","ENSXMAG00000013751"
"1739","ENSXMAG00000013759"
"1740","ENSXMAG00000013770"
"1741","ENSXMAG00000013774"
"1742","ENSXMAG00000013776"
"1743","ENSXMAG00000013780"
"1744","ENSXMAG00000013786"
"1745","ENSXMAG00000013803"
"1746","ENSXMAG00000013826"
"1747","ENSXMAG00000013828"
"1748","ENSXMAG00000013867"
"1749","ENSXMAG00000013871"
"1750","ENSXMAG00000013877"
"1751","ENSXMAG00000013879"
"1752","ENSXMAG00000013884"
"1753","ENSXMAG00000013889"
"1754","ENSXMAG00000013893"
"1755","ENSXMAG00000013896"
"1756","ENSXMAG00000013899"
"1757","ENSXMAG00000013906"
"1758","ENSXMAG00000013913"
"1759","ENSXMAG00000013918"
"1760","ENSXMAG00000013927"
"1761","ENSXMAG00000013944"
"1762","ENSXMAG00000013958"
"1763","ENSXMAG00000013962"
"1764","ENSXMAG00000013963"
"1765","ENSXMAG00000013973"
"1766","ENSXMAG00000013975"
"1767","ENSXMAG00000013985"
"1768","ENSXMAG00000013993"
"1769","ENSXMAG00000013995"
"1770","ENSXMAG00000013997"
"1771","ENSXMAG00000013999"
"1772","ENSXMAG00000014003"
"1773","ENSXMAG00000014006"
"1774","ENSXMAG00000014008"
"1775","ENSXMAG00000014009"
"1776","ENSXMAG00000014014"
"1777","ENSXMAG00000014016"
"1778","ENSXMAG00000014019"
"1779","ENSXMAG00000014023"
"1780","ENSXMAG00000014027"
"1781","ENSXMAG00000014031"
"1782","ENSXMAG00000014033"
"1783","ENSXMAG00000014037"
"1784","ENSXMAG00000014045"
"1785","ENSXMAG00000014053"
"1786","ENSXMAG00000014058"
"1787","ENSXMAG00000014060"
"1788","ENSXMAG00000014062"
"1789","ENSXMAG00000014067"
"1790","ENSXMAG00000014072"
"1791","ENSXMAG00000014082"
"1792","ENSXMAG00000014087"
"1793","ENSXMAG00000014097"
"1794","ENSXMAG00000014098"
"1795","ENSXMAG00000014110"
"1796","ENSXMAG00000014111"
"1797","ENSXMAG00000014112"
"1798","ENSXMAG00000014116"
"1799","ENSXMAG00000014136"
"1800","ENSXMAG00000014141"
"1801","ENSXMAG00000014142"
"1802","ENSXMAG00000014144"
"1803","ENSXMAG00000014147"
"1804","ENSXMAG00000014148"
"1805","ENSXMAG00000014157"
"1806","ENSXMAG00000014172"
"1807","ENSXMAG00000014175"
"1808","ENSXMAG00000014176"
"1809","ENSXMAG00000014183"
"1810","ENSXMAG00000014191"
"1811","ENSXMAG00000014202"
"1812","ENSXMAG00000014212"
"1813","ENSXMAG00000014216"
"1814","ENSXMAG00000014217"
"1815","ENSXMAG00000014220"
"1816","ENSXMAG00000014222"
"1817","ENSXMAG00000014228"
"1818","ENSXMAG00000014229"
"1819","ENSXMAG00000014237"
"1820","ENSXMAG00000014242"
"1821","ENSXMAG00000014247"
"1822","ENSXMAG00000014257"
"1823","ENSXMAG00000014261"
"1824","ENSXMAG00000014266"
"1825","ENSXMAG00000014270"
"1826","ENSXMAG00000014287"
"1827","ENSXMAG00000014296"
"1828","ENSXMAG00000014301"
"1829","ENSXMAG00000014303"
"1830","ENSXMAG00000014310"
"1831","ENSXMAG00000014311"
"1832","ENSXMAG00000014338"
"1833","ENSXMAG00000014339"
"1834","ENSXMAG00000014352"
"1835","ENSXMAG00000014356"
"1836","ENSXMAG00000014362"
"1837","ENSXMAG00000014372"
"1838","ENSXMAG00000014379"
"1839","ENSXMAG00000014392"
"1840","ENSXMAG00000014394"
"1841","ENSXMAG00000014395"
"1842","ENSXMAG00000014396"
"1843","ENSXMAG00000014403"
"1844","ENSXMAG00000014422"
"1845","ENSXMAG00000014439"
"1846","ENSXMAG00000014443"
"1847","ENSXMAG00000014461"
"1848","ENSXMAG00000014462"
"1849","ENSXMAG00000014470"
"1850","ENSXMAG00000014476"
"1851","ENSXMAG00000014480"
"1852","ENSXMAG00000014481"
"1853","ENSXMAG00000014496"
"1854","ENSXMAG00000014508"
"1855","ENSXMAG00000014519"
"1856","ENSXMAG00000014524"
"1857","ENSXMAG00000014537"
"1858","ENSXMAG00000014538"
"1859","ENSXMAG00000014548"
"1860","ENSXMAG00000014552"
"1861","ENSXMAG00000014562"
"1862","ENSXMAG00000014584"
"1863","ENSXMAG00000014595"
"1864","ENSXMAG00000014601"
"1865","ENSXMAG00000014619"
"1866","ENSXMAG00000014625"
"1867","ENSXMAG00000014639"
"1868","ENSXMAG00000014640"
"1869","ENSXMAG00000014649"
"1870","ENSXMAG00000014662"
"1871","ENSXMAG00000014715"
"1872","ENSXMAG00000014723"
"1873","ENSXMAG00000014730"
"1874","ENSXMAG00000014739"
"1875","ENSXMAG00000014740"
"1876","ENSXMAG00000014742"
"1877","ENSXMAG00000014743"
"1878","ENSXMAG00000014752"
"1879","ENSXMAG00000014769"
"1880","ENSXMAG00000014782"
"1881","ENSXMAG00000014786"
"1882","ENSXMAG00000014803"
"1883","ENSXMAG00000014806"
"1884","ENSXMAG00000014811"
"1885","ENSXMAG00000014823"
"1886","ENSXMAG00000014830"
"1887","ENSXMAG00000014834"
"1888","ENSXMAG00000014843"
"1889","ENSXMAG00000014844"
"1890","ENSXMAG00000014846"
"1891","ENSXMAG00000014848"
"1892","ENSXMAG00000014860"
"1893","ENSXMAG00000014864"
"1894","ENSXMAG00000014868"
"1895","ENSXMAG00000014881"
"1896","ENSXMAG00000014883"
"1897","ENSXMAG00000014891"
"1898","ENSXMAG00000014894"
"1899","ENSXMAG00000014895"
"1900","ENSXMAG00000014896"
"1901","ENSXMAG00000014910"
"1902","ENSXMAG00000014913"
"1903","ENSXMAG00000014921"
"1904","ENSXMAG00000014924"
"1905","ENSXMAG00000014931"
"1906","ENSXMAG00000014932"
"1907","ENSXMAG00000014945"
"1908","ENSXMAG00000014950"
"1909","ENSXMAG00000014952"
"1910","ENSXMAG00000014961"
"1911","ENSXMAG00000014967"
"1912","ENSXMAG00000014980"
"1913","ENSXMAG00000014998"
"1914","ENSXMAG00000015008"
"1915","ENSXMAG00000015013"
"1916","ENSXMAG00000015019"
"1917","ENSXMAG00000015021"
"1918","ENSXMAG00000015047"
"1919","ENSXMAG00000015065"
"1920","ENSXMAG00000015074"
"1921","ENSXMAG00000015087"
"1922","ENSXMAG00000015095"
"1923","ENSXMAG00000015099"
"1924","ENSXMAG00000015105"
"1925","ENSXMAG00000015115"
"1926","ENSXMAG00000015116"
"1927","ENSXMAG00000015138"
"1928","ENSXMAG00000015139"
"1929","ENSXMAG00000015150"
"1930","ENSXMAG00000015164"
"1931","ENSXMAG00000015165"
"1932","ENSXMAG00000015167"
"1933","ENSXMAG00000015172"
"1934","ENSXMAG00000015189"
"1935","ENSXMAG00000015211"
"1936","ENSXMAG00000015216"
"1937","ENSXMAG00000015218"
"1938","ENSXMAG00000015219"
"1939","ENSXMAG00000015221"
"1940","ENSXMAG00000015227"
"1941","ENSXMAG00000015240"
"1942","ENSXMAG00000015250"
"1943","ENSXMAG00000015291"
"1944","ENSXMAG00000015292"
"1945","ENSXMAG00000015298"
"1946","ENSXMAG00000015316"
"1947","ENSXMAG00000015317"
"1948","ENSXMAG00000015322"
"1949","ENSXMAG00000015324"
"1950","ENSXMAG00000015327"
"1951","ENSXMAG00000015330"
"1952","ENSXMAG00000015347"
"1953","ENSXMAG00000015352"
"1954","ENSXMAG00000015376"
"1955","ENSXMAG00000015377"
"1956","ENSXMAG00000015384"
"1957","ENSXMAG00000015399"
"1958","ENSXMAG00000015401"
"1959","ENSXMAG00000015402"
"1960","ENSXMAG00000015441"
"1961","ENSXMAG00000015449"
"1962","ENSXMAG00000015452"
"1963","ENSXMAG00000015453"
"1964","ENSXMAG00000015454"
"1965","ENSXMAG00000015463"
"1966","ENSXMAG00000015470"
"1967","ENSXMAG00000015482"
"1968","ENSXMAG00000015487"
"1969","ENSXMAG00000015489"
"1970","ENSXMAG00000015492"
"1971","ENSXMAG00000015497"
"1972","ENSXMAG00000015519"
"1973","ENSXMAG00000015529"
"1974","ENSXMAG00000015546"
"1975","ENSXMAG00000015548"
"1976","ENSXMAG00000015554"
"1977","ENSXMAG00000015559"
"1978","ENSXMAG00000015562"
"1979","ENSXMAG00000015564"
"1980","ENSXMAG00000015565"
"1981","ENSXMAG00000015569"
"1982","ENSXMAG00000015590"
"1983","ENSXMAG00000015597"
"1984","ENSXMAG00000015598"
"1985","ENSXMAG00000015601"
"1986","ENSXMAG00000015611"
"1987","ENSXMAG00000015626"
"1988","ENSXMAG00000015632"
"1989","ENSXMAG00000015633"
"1990","ENSXMAG00000015655"
"1991","ENSXMAG00000015656"
"1992","ENSXMAG00000015659"
"1993","ENSXMAG00000015662"
"1994","ENSXMAG00000015663"
"1995","ENSXMAG00000015664"
"1996","ENSXMAG00000015665"
"1997","ENSXMAG00000015675"
"1998","ENSXMAG00000015697"
"1999","ENSXMAG00000015700"
"2000","ENSXMAG00000015723"
"2001","ENSXMAG00000015727"
"2002","ENSXMAG00000015740"
"2003","ENSXMAG00000015749"
"2004","ENSXMAG00000015759"
"2005","ENSXMAG00000015763"
"2006","ENSXMAG00000015765"
"2007","ENSXMAG00000015767"
"2008","ENSXMAG00000015774"
"2009","ENSXMAG00000015786"
"2010","ENSXMAG00000015788"
"2011","ENSXMAG00000015800"
"2012","ENSXMAG00000015806"
"2013","ENSXMAG00000015807"
"2014","ENSXMAG00000015808"
"2015","ENSXMAG00000015809"
"2016","ENSXMAG00000015831"
"2017","ENSXMAG00000015841"
"2018","ENSXMAG00000015850"
"2019","ENSXMAG00000015860"
"2020","ENSXMAG00000015865"
"2021","ENSXMAG00000015877"
"2022","ENSXMAG00000015881"
"2023","ENSXMAG00000015887"
"2024","ENSXMAG00000015900"
"2025","ENSXMAG00000015921"
"2026","ENSXMAG00000015922"
"2027","ENSXMAG00000015937"
"2028","ENSXMAG00000015945"
"2029","ENSXMAG00000015971"
"2030","ENSXMAG00000015972"
"2031","ENSXMAG00000015974"
"2032","ENSXMAG00000015977"
"2033","ENSXMAG00000015979"
"2034","ENSXMAG00000016033"
"2035","ENSXMAG00000016037"
"2036","ENSXMAG00000016042"
"2037","ENSXMAG00000016046"
"2038","ENSXMAG00000016048"
"2039","ENSXMAG00000016063"
"2040","ENSXMAG00000016068"
"2041","ENSXMAG00000016074"
"2042","ENSXMAG00000016098"
"2043","ENSXMAG00000016101"
"2044","ENSXMAG00000016102"
"2045","ENSXMAG00000016104"
"2046","ENSXMAG00000016125"
"2047","ENSXMAG00000016126"
"2048","ENSXMAG00000016127"
"2049","ENSXMAG00000016142"
"2050","ENSXMAG00000016143"
"2051","ENSXMAG00000016161"
"2052","ENSXMAG00000016165"
"2053","ENSXMAG00000016169"
"2054","ENSXMAG00000016176"
"2055","ENSXMAG00000016178"
"2056","ENSXMAG00000016187"
"2057","ENSXMAG00000016192"
"2058","ENSXMAG00000016230"
"2059","ENSXMAG00000016241"
"2060","ENSXMAG00000016251"
"2061","ENSXMAG00000016256"
"2062","ENSXMAG00000016273"
"2063","ENSXMAG00000016276"
"2064","ENSXMAG00000016287"
"2065","ENSXMAG00000016291"
"2066","ENSXMAG00000016301"
"2067","ENSXMAG00000016307"
"2068","ENSXMAG00000016333"
"2069","ENSXMAG00000016335"
"2070","ENSXMAG00000016339"
"2071","ENSXMAG00000016341"
"2072","ENSXMAG00000016345"
"2073","ENSXMAG00000016346"
"2074","ENSXMAG00000016361"
"2075","ENSXMAG00000016368"
"2076","ENSXMAG00000016369"
"2077","ENSXMAG00000016383"
"2078","ENSXMAG00000016387"
"2079","ENSXMAG00000016389"
"2080","ENSXMAG00000016397"
"2081","ENSXMAG00000016399"
"2082","ENSXMAG00000016416"
"2083","ENSXMAG00000016417"
"2084","ENSXMAG00000016430"
"2085","ENSXMAG00000016434"
"2086","ENSXMAG00000016438"
"2087","ENSXMAG00000016445"
"2088","ENSXMAG00000016451"
"2089","ENSXMAG00000016452"
"2090","ENSXMAG00000016460"
"2091","ENSXMAG00000016501"
"2092","ENSXMAG00000016506"
"2093","ENSXMAG00000016518"
"2094","ENSXMAG00000016519"
"2095","ENSXMAG00000016521"
"2096","ENSXMAG00000016543"
"2097","ENSXMAG00000016548"
"2098","ENSXMAG00000016549"
"2099","ENSXMAG00000016573"
"2100","ENSXMAG00000016576"
"2101","ENSXMAG00000016620"
"2102","ENSXMAG00000016638"
"2103","ENSXMAG00000016644"
"2104","ENSXMAG00000016673"
"2105","ENSXMAG00000016685"
"2106","ENSXMAG00000016691"
"2107","ENSXMAG00000016692"
"2108","ENSXMAG00000016697"
"2109","ENSXMAG00000016704"
"2110","ENSXMAG00000016706"
"2111","ENSXMAG00000016713"
"2112","ENSXMAG00000016722"
"2113","ENSXMAG00000016725"
"2114","ENSXMAG00000016726"
"2115","ENSXMAG00000016737"
"2116","ENSXMAG00000016738"
"2117","ENSXMAG00000016739"
"2118","ENSXMAG00000016759"
"2119","ENSXMAG00000016766"
"2120","ENSXMAG00000016786"
"2121","ENSXMAG00000016787"
"2122","ENSXMAG00000016792"
"2123","ENSXMAG00000016800"
"2124","ENSXMAG00000016813"
"2125","ENSXMAG00000016822"
"2126","ENSXMAG00000016833"
"2127","ENSXMAG00000016840"
"2128","ENSXMAG00000016841"
"2129","ENSXMAG00000016847"
"2130","ENSXMAG00000016888"
"2131","ENSXMAG00000016893"
"2132","ENSXMAG00000016895"
"2133","ENSXMAG00000016910"
"2134","ENSXMAG00000016916"
"2135","ENSXMAG00000016925"
"2136","ENSXMAG00000016936"
"2137","ENSXMAG00000016970"
"2138","ENSXMAG00000016973"
"2139","ENSXMAG00000016976"
"2140","ENSXMAG00000016988"
"2141","ENSXMAG00000016992"
"2142","ENSXMAG00000017001"
"2143","ENSXMAG00000017008"
"2144","ENSXMAG00000017011"
"2145","ENSXMAG00000017012"
"2146","ENSXMAG00000017013"
"2147","ENSXMAG00000017014"
"2148","ENSXMAG00000017027"
"2149","ENSXMAG00000017037"
"2150","ENSXMAG00000017044"
"2151","ENSXMAG00000017048"
"2152","ENSXMAG00000017064"
"2153","ENSXMAG00000017067"
"2154","ENSXMAG00000017076"
"2155","ENSXMAG00000017119"
"2156","ENSXMAG00000017129"
"2157","ENSXMAG00000017156"
"2158","ENSXMAG00000017172"
"2159","ENSXMAG00000017175"
"2160","ENSXMAG00000017186"
"2161","ENSXMAG00000017191"
"2162","ENSXMAG00000017205"
"2163","ENSXMAG00000017208"
"2164","ENSXMAG00000017212"
"2165","ENSXMAG00000017214"
"2166","ENSXMAG00000017218"
"2167","ENSXMAG00000017221"
"2168","ENSXMAG00000017224"
"2169","ENSXMAG00000017238"
"2170","ENSXMAG00000017249"
"2171","ENSXMAG00000017256"
"2172","ENSXMAG00000017273"
"2173","ENSXMAG00000017284"
"2174","ENSXMAG00000017304"
"2175","ENSXMAG00000017306"
"2176","ENSXMAG00000017308"
"2177","ENSXMAG00000017313"
"2178","ENSXMAG00000017326"
"2179","ENSXMAG00000017327"
"2180","ENSXMAG00000017337"
"2181","ENSXMAG00000017339"
"2182","ENSXMAG00000017357"
"2183","ENSXMAG00000017362"
"2184","ENSXMAG00000017368"
"2185","ENSXMAG00000017371"
"2186","ENSXMAG00000017382"
"2187","ENSXMAG00000017390"
"2188","ENSXMAG00000017401"
"2189","ENSXMAG00000017420"
"2190","ENSXMAG00000017428"
"2191","ENSXMAG00000017434"
"2192","ENSXMAG00000017437"
"2193","ENSXMAG00000017443"
"2194","ENSXMAG00000017445"
"2195","ENSXMAG00000017457"
"2196","ENSXMAG00000017459"
"2197","ENSXMAG00000017493"
"2198","ENSXMAG00000017500"
"2199","ENSXMAG00000017504"
"2200","ENSXMAG00000017505"
"2201","ENSXMAG00000017512"
"2202","ENSXMAG00000017517"
"2203","ENSXMAG00000017527"
"2204","ENSXMAG00000017540"
"2205","ENSXMAG00000017545"
"2206","ENSXMAG00000017550"
"2207","ENSXMAG00000017558"
"2208","ENSXMAG00000017560"
"2209","ENSXMAG00000017582"
"2210","ENSXMAG00000017590"
"2211","ENSXMAG00000017593"
"2212","ENSXMAG00000017597"
"2213","ENSXMAG00000017601"
"2214","ENSXMAG00000017605"
"2215","ENSXMAG00000017608"
"2216","ENSXMAG00000017614"
"2217","ENSXMAG00000017622"
"2218","ENSXMAG00000017624"
"2219","ENSXMAG00000017631"
"2220","ENSXMAG00000017648"
"2221","ENSXMAG00000017649"
"2222","ENSXMAG00000017654"
"2223","ENSXMAG00000017657"
"2224","ENSXMAG00000017667"
"2225","ENSXMAG00000017681"
"2226","ENSXMAG00000017684"
"2227","ENSXMAG00000017691"
"2228","ENSXMAG00000017699"
"2229","ENSXMAG00000017701"
"2230","ENSXMAG00000017718"
"2231","ENSXMAG00000017735"
"2232","ENSXMAG00000017749"
"2233","ENSXMAG00000017759"
"2234","ENSXMAG00000017761"
"2235","ENSXMAG00000017775"
"2236","ENSXMAG00000017778"
"2237","ENSXMAG00000017790"
"2238","ENSXMAG00000017797"
"2239","ENSXMAG00000017808"
"2240","ENSXMAG00000017810"
"2241","ENSXMAG00000017821"
"2242","ENSXMAG00000017844"
"2243","ENSXMAG00000017864"
"2244","ENSXMAG00000017866"
"2245","ENSXMAG00000017869"
"2246","ENSXMAG00000017871"
"2247","ENSXMAG00000017878"
"2248","ENSXMAG00000017882"
"2249","ENSXMAG00000017888"
"2250","ENSXMAG00000017906"
"2251","ENSXMAG00000017909"
"2252","ENSXMAG00000017915"
"2253","ENSXMAG00000017932"
"2254","ENSXMAG00000017935"
"2255","ENSXMAG00000017941"
"2256","ENSXMAG00000017942"
"2257","ENSXMAG00000017947"
"2258","ENSXMAG00000017957"
"2259","ENSXMAG00000017959"
"2260","ENSXMAG00000017970"
"2261","ENSXMAG00000017973"
"2262","ENSXMAG00000018016"
"2263","ENSXMAG00000018020"
"2264","ENSXMAG00000018024"
"2265","ENSXMAG00000018043"
"2266","ENSXMAG00000018078"
"2267","ENSXMAG00000018093"
"2268","ENSXMAG00000018095"
"2269","ENSXMAG00000018122"
"2270","ENSXMAG00000018130"
"2271","ENSXMAG00000018132"
"2272","ENSXMAG00000018136"
"2273","ENSXMAG00000018154"
"2274","ENSXMAG00000018159"
"2275","ENSXMAG00000018161"
"2276","ENSXMAG00000018174"
"2277","ENSXMAG00000018180"
"2278","ENSXMAG00000018181"
"2279","ENSXMAG00000018184"
"2280","ENSXMAG00000018187"
"2281","ENSXMAG00000018188"
"2282","ENSXMAG00000018189"
"2283","ENSXMAG00000018201"
"2284","ENSXMAG00000018202"
"2285","ENSXMAG00000018203"
"2286","ENSXMAG00000018204"
"2287","ENSXMAG00000018209"
"2288","ENSXMAG00000018227"
"2289","ENSXMAG00000018229"
"2290","ENSXMAG00000018248"
"2291","ENSXMAG00000018249"
"2292","ENSXMAG00000018254"
"2293","ENSXMAG00000018257"
"2294","ENSXMAG00000018266"
"2295","ENSXMAG00000018275"
"2296","ENSXMAG00000018287"
"2297","ENSXMAG00000018292"
"2298","ENSXMAG00000018293"
"2299","ENSXMAG00000018294"
"2300","ENSXMAG00000018295"
"2301","ENSXMAG00000018322"
"2302","ENSXMAG00000018331"
"2303","ENSXMAG00000018334"
"2304","ENSXMAG00000018339"
"2305","ENSXMAG00000018388"
"2306","ENSXMAG00000018389"
"2307","ENSXMAG00000018401"
"2308","ENSXMAG00000018407"
"2309","ENSXMAG00000018410"
"2310","ENSXMAG00000018439"
"2311","ENSXMAG00000018455"
"2312","ENSXMAG00000018465"
"2313","ENSXMAG00000018469"
"2314","ENSXMAG00000018497"
"2315","ENSXMAG00000018500"
"2316","ENSXMAG00000018502"
"2317","ENSXMAG00000018508"
"2318","ENSXMAG00000018527"
"2319","ENSXMAG00000018541"
"2320","ENSXMAG00000018546"
"2321","ENSXMAG00000018547"
"2322","ENSXMAG00000018552"
"2323","ENSXMAG00000018558"
"2324","ENSXMAG00000018566"
"2325","ENSXMAG00000018582"
"2326","ENSXMAG00000018600"
"2327","ENSXMAG00000018634"
"2328","ENSXMAG00000018635"
"2329","ENSXMAG00000018652"
"2330","ENSXMAG00000018656"
"2331","ENSXMAG00000018660"
"2332","ENSXMAG00000018684"
"2333","ENSXMAG00000018690"
"2334","ENSXMAG00000018693"
"2335","ENSXMAG00000018696"
"2336","ENSXMAG00000018697"
"2337","ENSXMAG00000018699"
"2338","ENSXMAG00000018704"
"2339","ENSXMAG00000018706"
"2340","ENSXMAG00000018721"
"2341","ENSXMAG00000018733"
"2342","ENSXMAG00000018734"
"2343","ENSXMAG00000018738"
"2344","ENSXMAG00000018748"
"2345","ENSXMAG00000018763"
"2346","ENSXMAG00000018797"
"2347","ENSXMAG00000018814"
"2348","ENSXMAG00000018816"
"2349","ENSXMAG00000018821"
"2350","ENSXMAG00000018834"
"2351","ENSXMAG00000018835"
"2352","ENSXMAG00000018858"
"2353","ENSXMAG00000018867"
"2354","ENSXMAG00000018869"
"2355","ENSXMAG00000018878"
"2356","ENSXMAG00000018880"
"2357","ENSXMAG00000018881"
"2358","ENSXMAG00000018884"
"2359","ENSXMAG00000018886"
"2360","ENSXMAG00000018898"
"2361","ENSXMAG00000018902"
"2362","ENSXMAG00000018908"
"2363","ENSXMAG00000018920"
"2364","ENSXMAG00000018928"
"2365","ENSXMAG00000018935"
"2366","ENSXMAG00000018946"
"2367","ENSXMAG00000018951"
"2368","ENSXMAG00000018957"
"2369","ENSXMAG00000018973"
"2370","ENSXMAG00000018980"
"2371","ENSXMAG00000018995"
"2372","ENSXMAG00000018996"
"2373","ENSXMAG00000019000"
"2374","ENSXMAG00000019006"
"2375","ENSXMAG00000019017"
"2376","ENSXMAG00000019022"
"2377","ENSXMAG00000019044"
"2378","ENSXMAG00000019045"
"2379","ENSXMAG00000019047"
"2380","ENSXMAG00000019054"
"2381","ENSXMAG00000019055"
"2382","ENSXMAG00000019056"
"2383","ENSXMAG00000019062"
"2384","ENSXMAG00000019064"
"2385","ENSXMAG00000019067"
"2386","ENSXMAG00000019080"
"2387","ENSXMAG00000019092"
"2388","ENSXMAG00000019097"
"2389","ENSXMAG00000019103"
"2390","ENSXMAG00000019110"
"2391","ENSXMAG00000019118"
"2392","ENSXMAG00000019128"
"2393","ENSXMAG00000019133"
"2394","ENSXMAG00000019148"
"2395","ENSXMAG00000019162"
"2396","ENSXMAG00000019176"
"2397","ENSXMAG00000019189"
"2398","ENSXMAG00000019191"
"2399","ENSXMAG00000019198"
"2400","ENSXMAG00000019218"
"2401","ENSXMAG00000019220"
"2402","ENSXMAG00000019232"
"2403","ENSXMAG00000019234"
"2404","ENSXMAG00000019240"
"2405","ENSXMAG00000019260"
"2406","ENSXMAG00000019263"
"2407","ENSXMAG00000019272"
"2408","ENSXMAG00000019280"
"2409","ENSXMAG00000019296"
"2410","ENSXMAG00000019297"
"2411","ENSXMAG00000019326"
"2412","ENSXMAG00000019340"
"2413","ENSXMAG00000019360"
"2414","ENSXMAG00000019366"
"2415","ENSXMAG00000019368"
"2416","ENSXMAG00000019371"
"2417","ENSXMAG00000019373"
"2418","ENSXMAG00000019381"
"2419","ENSXMAG00000019403"
"2420","ENSXMAG00000019404"
"2421","ENSXMAG00000019411"
"2422","ENSXMAG00000019415"
"2423","ENSXMAG00000019417"
"2424","ENSXMAG00000019418"
"2425","ENSXMAG00000019437"
"2426","ENSXMAG00000019441"
"2427","ENSXMAG00000019461"
"2428","ENSXMAG00000019462"
"2429","ENSXMAG00000019478"
"2430","ENSXMAG00000019484"
"2431","ENSXMAG00000019515"
"2432","ENSXMAG00000019538"
"2433","ENSXMAG00000019540"
"2434","ENSXMAG00000019545"
"2435","ENSXMAG00000019548"
"2436","ENSXMAG00000019551"
"2437","ENSXMAG00000019553"
"2438","ENSXMAG00000019557"
"2439","ENSXMAG00000019559"
"2440","ENSXMAG00000019563"
"2441","ENSXMAG00000019576"
"2442","ENSXMAG00000019578"
"2443","ENSXMAG00000019596"
"2444","ENSXMAG00000019601"
"2445","ENSXMAG00000019607"
"2446","ENSXMAG00000019629"
"2447","ENSXMAG00000019639"
"2448","ENSXMAG00000019643"
"2449","ENSXMAG00000019686"
"2450","ENSXMAG00000019734"
"2451","ENSXMAG00000019735"
"2452","ENSXMAG00000019742"
"2453","ENSXMAG00000019746"
"2454","ENSXMAG00000019755"
"2455","ENSXMAG00000019767"
"2456","ENSXMAG00000019778"
"2457","ENSXMAG00000019793"
"2458","ENSXMAG00000019799"
"2459","ENSXMAG00000019812"
"2460","ENSXMAG00000019818"
"2461","ENSXMAG00000019825"
"2462","ENSXMAG00000019835"
"2463","ENSXMAG00000019843"
"2464","ENSXMAG00000019854"
"2465","ENSXMAG00000019857"
"2466","ENSXMAG00000019865"
"2467","ENSXMAG00000019887"
"2468","ENSXMAG00000019896"
"2469","ENSXMAG00000019907"
"2470","ENSXMAG00000019911"
"2471","ENSXMAG00000019946"
"2472","ENSXMAG00000019971"
"2473","ENSXMAG00000019995"
"2474","ENSXMAG00000020000"
"2475","ENSXMAG00000020009"
"2476","ENSXMAG00000020012"
"2477","ENSXMAG00000020046"
"2478","ENSXMAG00000020047"
"2479","ENSXMAG00000020052"
"2480","ENSXMAG00000020054"
"2481","ENSXMAG00000020058"
"2482","ENSXMAG00000020069"
"2483","ENSXMAG00000020077"
"2484","ENSXMAG00000020086"
"2485","ENSXMAG00000020092"
"2486","ENSXMAG00000020093"
"2487","ENSXMAG00000020105"
"2488","ENSXMAG00000020115"
"2489","ENSXMAG00000020139"
"2490","ENSXMAG00000020150"
"2491","ENSXMAG00000020155"
"2492","ENSXMAG00000020165"
"2493","ENSXMAG00000020172"
"2494","ENSXMAG00000020173"
"2495","ENSXMAG00000020207"
"2496","ENSXMAG00000020217"
"2497","ENSXMAG00000020240"
"2498","ENSXMAG00000020243"
"2499","ENSXMAG00000020251"
"2500","ENSXMAG00000020258"
"2501","ENSXMAG00000020271"
"2502","ENSXMAG00000020277"
"2503","ENSXMAG00000020293"
"2504","ENSXMAG00000020294"
"2505","ENSXMAG00000020296"
"2506","ENSXMAG00000020322"
"2507","ENSXMAG00000020336"
"2508","ENSXMAG00000020338"
"2509","ENSXMAG00000020352"
"2510","ENSXMAG00000020365"
"2511","ENSXMAG00000020371"
"2512","ENSXMAG00000020382"
"2513","ENSXMAG00000020388"
"2514","ENSXMAG00000020414"
"2515","ENSXMAG00000020435"
"2516","ENSXMAG00000020441"
"2517","ENSXMAG00000020471"
"2518","ENSXMAG00000020482"
"2519","ENSXMAG00000020487"
"2520","ENSXMAG00000020516"
"2521","ENSXMAG00000020534"
"2522","ENSXMAG00000020599"
"2523","ENSXMAG00000020651"
"2524","ENSXMAG00000020678"
